{"meta_features": {"is_supervised": true, "has_numeric_features": true, "average_number_of_words": 8.489749430523919, "has_text_features": false, "semantic_input_types": "(Tensor[2, Discrete, Dense], Supervised[Tensor[1, Categorical, Dense]])", "semantic_output_types": "Tensor[1, Categorical, Dense]", "number_of_samples": 878, "input_dimensionality": 7454, "output_dimensionality": 1, "dataset_dimensionality": 8.489749430523919, "number_of_categorical_features": 0, "number_of_numerical_features": 7454, "number_of_missing_values": 0, "standard_deviation": 0.9148067006197781, "coefficient_of_variation": 16.742042668625825, "covariance_avg": 0.022319265651181464, "linear_corr_coef": 0.02632383286239347, "skewness": 14.839547385124252, "skewness_1": 0.038731615499751224, "skewness_2": 29.564615926906317, "skewness_3": 5.3324829153082876, "kurtosis": 271.85450543537434, "kurtosis_1": -1.997358755190119, "kurtosis_2": 872.3751712251847, "kurtosis_3": 182.99487017174388, "normalized_class_entropy": 0.5823035505827098, "normalized_attr_entropy": 0.05372630680903167, "normalized_attr_entropy_1": 0.01328462907102497, "normalized_attr_entropy_2": 0.6755993887958964, "normalized_attr_entropy_3": 0.04927894324506799, "joint_entropy": 1.6165150817219904, "joint_entropy_1": 1.5956227206069749, "joint_entropy_2": 2.3841205072552816, "joint_entropy_3": 0.038940514674516355, "mutual_information": -0.9804852243302434, "equivalent_number_of_attr": -0.5938932440113758, "noise_signal_ratio": -1.0547956312607683, "pca": 13.676855195273648, "pca_1": 300.9999708191845}}